Episode,Reward,PolicyLoss,ValueLoss
1,-30069.435919896663,3921.699462890625,9233339.0
2,-5430.927455440168,603.6109008789062,405088.46875
3,-459.4545939466159,47.0783805847168,2881.693359375
