Episode,Reward,PolicyLoss,ValueLoss
1,1203.1978144858792,-94.28759002685547,12642.306640625
