Episode,Reward,PolicyLoss,ValueLoss,AvgWaitingTime
1,799.0425660734319,-11.173102378845215,26882.310546875,1.1071428571428572
