Episode,Reward,PolicyLoss,ValueLoss
1,-31802.280112466135,4236.9853515625,12053845.0
